"de_para";"valor";
"SALDO INICIAL";"saldo";
"DOC INT 098997";"transferencia";
"ELECTRONPERTO METRO";"transporte";
"ELECTRONRETRO EXPLO";"compras";
"IOF";"banco";
"RES APLIC AUT MAIS";"banco";
"SALDO APLIC AUT MAIS";"saldo";
"ELECTRONBELLA ATALI";"padaria";
"ELECTRONDROGASIL 17";"farmacia";
"ELECTRONDROGASIL 17";"farmacia";
"ELECTRONMILK SHAKE";"alimentação";
"ELECTRONPAG*WpaperM";"compras";
"ELECTRONTTOMATOES";"alimentação";
"ELECTRONVILACHIC";"compras";
"TAR PACOTE ITAU   DEZ/19";"banco";
"RES APLIC AUT MAIS";"banco";
"SALDO APLIC AUT MAIS";"saldo";
"DOC INT 381229";"transferencia";
"ELECTRONARIZONA PAE";"padaria";
"ELECTRONEMPORIO ROM";"compras";
"ELECTRONFEIRANTE";"feira";
"ELECTRONHEROES PLAY";"compras";
"ELECTRONHEROES PLAY";"compras";
"ELECTRONIRMAOS BAST";"compras";
"ELECTRONJ E VERDURA";"feira";
"ELECTRONMC DONALDS";"alimentação";
"ELECTRONPAG*ChinaPe";"compras";
"ELECTRONPAG*Geraldo";"compras";
"ELECTRONPAG*HajimeT";"compras";
"ELECTRONPERTO METRO";"transporte";
"ELECTRONREINALDO DE";"compras";
"ELECTRONSHOKITI";"compras";
"ELECTRONSONDA JACAN";"mercado";
"ELECTRONSTELO*MARIO";"compras";
"ELECTRONUNIDOS DA V";"compras";
"RES APLIC AUT MAIS";"banco";
"SALDO APLIC AUT MAIS";"saldo";
"ELECTRONADEGA DO AL";"alimentação";
"ELECTRONARIZONA PAE";"padaria";
"ELECTRONSUPERMERCAD";"mercado";
"TBI 0190.72508-5     C/C";"entrada";
"RES APLIC AUT MAIS";"banco";
"SALDO APLIC AUT MAIS";"saldo";
"ELECTRONSHOKITI";"compras";
"RES APLIC AUT MAIS";"banco";
"SALDO APLIC AUT MAIS";"saldo";
"ELECTRONAUTOPASS";"compras";
"ELECTRONSHOKITI";"compras";
"RES APLIC AUT MAIS";"banco";
"SALDO APLIC AUT MAIS";"saldo";
"ELECTRONARIZONA PAE";"padaria";
"ELECTRONBELLA ATALI";"padaria";
"ELECTRONSHOKITI";"compras";
"SEGURO CARTAO";"banco";
"SALDO PARCIAL";"saldo";
"SALDO ANTERIOR";"saldo";
"RES APLIC AUT MAIS";"banco";
"SALDO APLIC AUT MAIS";"saldo";
"TBI 1491.48993-4     C/C";"michelle";
"ELECTRONAUTOPASS";"compras";
"ELECTRONPAG*Eduardo";"compras";
"ELECTRONSHOKITI";"compras";
"ELECTRONSTELO S A *";"compras";
"ELECTRONSUN MARINA";"compras";
"RES APLIC AUT MAIS";"banco";
"ELECTRONGRAO ESPRES";"alimentação";
"INT PAG TIT 109000333418";"boleto";
"ELECTRONSHOKITI";"compras";
"INT ITAUCARD";"cartão credito";
"TEC DEPOSITO DINHEIRO";"deposito";
"TED 237.2846ANDRE N BARB";"salario";
"TED 237.2846ANDRE N BARB";"salario";
"APL APLIC AUT MAIS";"saldo";
"DEB AUTOR UNICEF";"doação";
"SALDO APLIC AUT MAIS";"saldo";
"ELECTRONPERTO";"transporte";
"ELECTRONSHOKITI";"compras";
"RES APLIC AUT MAIS";"banco";
"SALDO APLIC AUT MAIS";"saldo";
"ELECTRONMINIMERCADO";"mercado";
"ELECTRONP3 PAPELARI";"compras";
"ELECTRONQUITANDA ME";"alimentação";
"TED 260.0001ANDERSON A S";"doação";
"RES APLIC AUT MAIS";"banco";
"SALDO APLIC AUT MAIS";"saldo";
"ELECTRONSHOKITI";"compras";
"RES APLIC AUT MAIS";"banco";
"SALDO APLIC AUT MAIS";"saldo";
"SALDO APLIC AUT MAIS";"saldo";
"ELECTRONSHOKITI";"compras";
"ELECTRONSUA ACADEMI";"academia";
"RES APLIC AUT MAIS";"banco";
"SALDO APLIC AUT MAIS";"saldo";
"SALDO APLIC AUT MAIS";"saldo";
"ELECTRONADEGA DO AL";"alimentação";
"ELECTRONASSAI ATACA";"mercado";
"RES APLIC AUT MAIS";"banco";
"SALDO APLIC AUT MAIS";"saldo";
"ELECTRONARIZONA PAE";"padaria";
"ELECTRONCELEIRO DA";"restaurante";
"ELECTRONEVANDRO G N";"compras";
"ELECTRONI9PARK ESTA";"compras";
"ELECTRONPAG*ADRIANA";"compras";
"ELECTRONPAG*CleliaA";"compras";
"ELECTRONPAG*MariaAp";"compras";
"ELECTRONPERTO";"transporte";
"ELECTRONPROMOFARMA";"farmacia";
"ELECTRONRAIA 47";"farmacia";
"ELECTRONRAIA 47";"farmacia";
"SALDO PARCIAL";"saldo";
"SALDO ANTERIOR";"saldo";
"ELECTRONSESTINI";"compras";
"ELECTRONSONDA JACAN";"mercado";
"INT TED 104354400005640";"boleto";
"RES APLIC AUT MAIS";"banco";
"ELECTRONSHOKITI";"compras";
"ELECTRONPAG*RegisRe";"compras";
"ELECTRONAUTOPASS";"compras";
"ELECTRONFURACAO DA";"compras";
"ELECTRONSTELO S A*R";"compras";
"ELECTRONSTELO S A*R";"compras";
"ELECTRONBELLA ATALI";"padaria";
"ELECTRONMOBILE MANI";"compras";
"ELECTRONSHOKITI";"compras";
"TBI 9293.22915-0/500";"resgate";
"TED 237.2846ANDRE N BARB";"salario";
"APL APLIC AUT MAIS";"saldo";
"SALDO APLIC AUT MAIS";"saldo";
"SALDO FINAL";"saldo";
"SALDO INICIAL";"saldo";
"TBI 0747.56106-6     C/C";"deposito";
"ELECTRONAVIGOS BEAU";"compras";
"ELECTRONFERNANDA VA";"compras";
"ELECTRONNZLOG";"compras";
"ELECTRONPAG*SempreB";"compras";
"ELECTRONPROMOFARMA";"farmacia";
"ELECTRONSHOKITI";"compras";
"ELECTRONSONDA JACAN";"mercado";
"IOF";"banco";
"RES APLIC AUT MAIS";"banco";
"SALDO APLIC AUT MAIS";"saldo";
"INT NEXTEL 9099999739334";"celular";
"ELECTRONASSAI ATACA";"mercado";
"ELECTRONDEPOSITO DO";"alimentação";
"ELECTRONPROMOFARMA";"farmacia";
"ELECTRONSONDA TREME";"mercado";
"INT TED  561369 SEMI";"seminario";
"RES APLIC AUT MAIS";"banco";
"SALDO APLIC AUT MAIS";"saldo";
"INT NEXTEL 9199999739334";"celular";
"TAR PACOTE ITAU   JAN/20";"banco";
"RES APLIC AUT MAIS";"banco";
"SALDO APLIC AUT MAIS";"saldo";
"ELECTRONADEGA DO AL";"alimentação";
"ELECTRONMARCO ANTON";"compras";
"ELECTRONMARIA LUCIA";"compras";
"ELECTRONPADARIA PAL";"padaria";
"ELECTRONPAG*Antonio";"compras";
"ELECTRONPAG*Rosange";"compras";
"RES APLIC AUT MAIS";"banco";
"SALDO APLIC AUT MAIS";"saldo";
"SALDO APLIC AUT MAIS";"saldo";
"INT  PAG TIT BANCO 001";"boleto";
"ELECTRONARIZONA PAE";"padaria";
"ELECTRONCHOCO MIX";"alimentação";
"ELECTRONEVANDRO G N";"compras";
"ELECTRONFEIRANTE";"feira";
"ELECTRONLOBO DO REA";"compras";
"ELECTRONPAG*CiceroF";"compras";
"ELECTRONPAG*CleliaA";"compras";
"ELECTRONPAG*DanielF";"compras";
"ELECTRONPAG*Eduardo";"compras";
"ELECTRONPAG*RafaelF";"compras";
"ELECTRONPAG*Verdura";"compras";
"ELECTRONRAIA 133";"farmacia";
"ELECTRONRAVIOLITALI";"alimentação";
"ELECTRONREINALDO DE";"compras";
"ELECTRONSONDA JACAN";"mercado";
"ELECTRONSTELO*MARIO";"compras";
"SEGURO CARTAO";"banco";
"RES APLIC AUT MAIS";"banco";
"SALDO APLIC AUT MAIS";"saldo";
"CXE     000554 SAQUE";"saque";
"SALDO PARCIAL";"saldo";
"SALDO ANTERIOR";"saldo";
"ELECTRONBELLA ATALI";"padaria";
"ELECTRONSUELICATESS";"compras";
"RES APLIC AUT MAIS";"banco";
"CXE     000331 SAQUE";"saque";
"CXE     001966 SAQUE";"saque";
"ELECTRONVARANDA FRU";"mercado";
"ELECTRONANTONIO SER";"compras";
"ELECTRONRYMA MINI M";"compras";
"ELECTRONSHOKITI";"compras";
"INT  PAG TIT BANCO 237";"boleto";
"ELECTRONANTHONNY CA";"compras";
"INT ITAUCARD";"cartão credito";
"TED 237.2846ANDRE N BARB";"salario";
"APL APLIC AUT MAIS";"saldo";
"SALDO APLIC AUT MAIS";"saldo";
"INT IPVA-SP HOH-6396";"ipva";
"ELECTRONHORTIFRUTI";"mercado";
"ELECTRONMERCADOPAGO";"mercado";
"ELECTRONPAG*Natalia";"compras";
"ELECTRONPOSTO M G M";"gasolina";
"ELECTRONSARA MARIA";"compras";
"ELECTRONSHOKITI";"compras";
"DEB AUTOR UNICEF";"doação";
"RES APLIC AUT MAIS";"banco";
"SALDO APLIC AUT MAIS";"saldo";
"ELECTRONSHOKITI";"compras";
"INT TED  225223 SEMINRI";"seminario";
"RES APLIC AUT MAIS";"banco";
"ELECTRONSHOKITI";"compras";
"INT DOC 260000135246778";"boleto";
"ELECTRONMERCADOPAGO";"mercado";
"ELECTRONSHOKITI";"compras";
"ELECTRONSUA ACADEMI";"academia";
"ELECTRONPAG*VictorM";"compras";
"ELECTRONPAG*WpaperM";"compras";
"ELECTRONPOINT DO SU";"compras";
"ELECTRONPROMO FARMA";"farmacia";
"CXE 000273 SAQUE 22/02";"saque";
"ELECTRONAUTO POSTO";"gasolina";
"ELECTRONBK SHOPPING";"alimentação";
"ELECTRONCHICO HAMBU";"alimentação";
"ELECTRONFEIRANTE";"feira";
"ELECTRONINDIGO";"compras";
"ELECTRONLEVI DA SIL";"compras";
"ELECTRONLIVORNO EXP";"compras";
"ELECTRONMILLENIUM P";"compras";
"ELECTRONOURINHOS SU";"mercado";
"ELECTRONPAG*Familia";"compras";
"ELECTRONPAG*Valdeci";"compras";
"ELECTRONPLAYCENTER";"lazer";
"ELECTRONSHOKITI";"compras";
"ELECTRONSONDA JACAN";"mercado";
"ELECTRONSONDA TREME";"mercado";
"SALDO PARCIAL";"saldo";
"SALDO ANTERIOR";"saldo";
"ELECTRONSUBWAY ARIC";"alimentação";
"TBI 4833.46062-1/500";"entrada";
"ELECTRONSHOKITI";"compras";
"ELECTRONSHOKITI";"compras";
"TED 237.2846ANDRE N BARB";"salario";
"APL APLIC AUT MAIS";"saldo";
"SALDO APLIC AUT MAIS";"saldo";
"SALDO FINAL";"saldo";
"SALDO INICIAL";"saldo";
"CXE 000141 SAQUE 29/02";"saque";
"ELECTRONCOM DE FRAN";"compras";
"ELECTRONDEPOSITO DO";"alimentação";
"ELECTRONPAG*Danubia";"compras";
"ELECTRONTIAGO COELH";"compras";
"INT TED  040954 SEMINRI";"seminario";
"IOF";"banco";
"RES APLIC AUT MAIS";"banco";
"SALDO APLIC AUT MAIS";"saldo";
"TAR PACOTE ITAU   FEV/20";"banco";
"RES APLIC AUT MAIS";"banco";
"SALDO APLIC AUT MAIS";"saldo";
"SALDO APLIC AUT MAIS";"saldo";
"LIS/JUROS     12 DIAS";"juros";
"RES APLIC AUT MAIS";"banco";
"SALDO APLIC AUT MAIS";"saldo";
"SAQUE CARTAO MAGNETICO";"saque";
"RSHOP-AUTOPASS   -06/03";"compras";
"RES APLIC AUT MAIS";"banco";
"SALDO APLIC AUT MAIS";"saldo";
"CXE 001370 SAQUE 07/03";"saque";
"RSHOP-DROGARIA PR-07/03";"farmacia";
"RSHOP-LOJAS BECKE-07/03";"compras";
"DEB AUTOR UNICEF";"doação";
"RES APLIC AUT MAIS";"banco";
"REND PAGO APLIC AUT MAIS";"saldo";
"SALDO APLIC AUT MAIS";"saldo";
"RSHOP-PERTO METRO-10/03";"compras";
"RSHOP-SHOKITI    -10/03";"compras";
"SEGURO CARTAO";"banco";
"RES APLIC AUT MAIS";"banco";
"SALDO APLIC AUT MAIS";"saldo";
"RSHOP-LOJAS RENNE-11/03";"compras";
"RSHOP-RIACHUELO 1-11/03";"compras";
"RSHOP-SANTA FE   -11/03";"compras";
"RES APLIC AUT MAIS";"banco";
"RSHOP-MC DONALDS -12/03";"alimentação";
"RSHOP-MC DONALDS -12/03";"alimentação";
"RSHOP-SONDA TREME-12/03";"mercado";
"INT NEXTEL 9999999734880";"celular";
"INT NEXTEL 9999999734880";"celular";
"RSHOP-PAG*PointDo-13/03";"compras";
"RSHOP-PAG*WpaperM-13/03";"compras";
"RSHOP-PAO TO GO  -13/03";"compras";
"RSHOP-PRINCESA DA-13/03";"compras";
"RSHOP-SHOKITI    -13/03";"compras";
"INT DPVAT-SP HOH-6396";"dpvat";
"INT IPVA-SP HOH-6396";"ipva";
"INT ITAUCARD";"cartão credito";
"TBI 9293.22915-0/500";"resgate";
"TED 237.2846ANDRE N BARB";"salario";
"APL APLIC AUT MAIS";"saldo";
"SALDO APLIC AUT MAIS";"saldo";
"SALDO PARCIAL";"saldo";
"SALDO ANTERIOR";"saldo";
"RSHOP-IRA CAVALCA-16/03";"viagem";
"RSHOP-KETENE     -15/03";"viagem";
"RSHOP-LGA LANCHON-14/03";"viagem";
"RES APLIC AUT MAIS";"banco";
"SALDO APLIC AUT MAIS";"saldo";
"RSHOP-PAG*Givaldo-17/03";"viagem";
"RES APLIC AUT MAIS";"banco";
"SALDO APLIC AUT MAIS";"saldo";
"RSHOP-PAG*Sebasti-18/03";"viagem";
"RSHOP-PAG*Sebasti-18/03";"viagem";
"RSHOP-ZP *CICERO -18/03";"viagem";
"RES APLIC AUT MAIS";"banco";
"SALDO APLIC AUT MAIS";"saldo";
"RSHOP-PAG*Restaur-19/03";"viagem";
"RSHOP-SUPERMAR   -19/03";"viagem";
"RSHOP-SUPERMAR   -19/03";"viagem";
"RES APLIC AUT MAIS";"banco";
"SALDO APLIC AUT MAIS";"saldo";
"SALDO APLIC AUT MAIS";"saldo";
"CXE 000646 SAQUE 22/03";"viagem";
"RSHOP-CIA DA LAGO-21/03";"viagem";
"RSHOP-DROGARIA PR-23/03";"farmacia";
"RSHOP-PAG*Frigott-22/03";"frango";
"RSHOP-SONDA JACAN-22/03";"mercado";
"RSHOP-SONDA JACAN-23/03";"mercado";
"RSHOP-SONDA TREME-22/03";"mercado";
"RSHOP-SONDA TREME-23/03";"mercado";
"RES APLIC AUT MAIS";"banco";
"REND PAGO APLIC AUT MAIS";"saldo";
"RSHOP-DROGARIA PR-24/03";"farmacia";
"RSHOP-PAG*barraca-25/03";"compras";
"INT  PAG TIT BANCO 237";"boleto";
"RSHOP-DROGARIA MA-29/03";"farmacia";
"RSHOP-FEIRANTE   -29/03";"feira";
"RSHOP-PAG*CleliaA-29/03";"compras";
"RSHOP-PAG*RafaelF-29/03";"compras";
"RSHOP-POSTO FLORI-28/03";"gasolina";
"RSHOP-SONDA JACAN-29/03";"mercado";
"RSHOP-SONDA TREME-28/03";"mercado";
"INT  PAG TIT BANCO 237";"boleto";
"TBI 0057.13714-3DILSHAD";"doação";
"RSHOP-SONDA TREME-31/03";"mercado";
"TED 237.2846ANDRE N BARB";"salario";
"APL APLIC AUT MAIS";"saldo";
"SALDO APLIC AUT MAIS";"saldo";
"SALDO FINAL";"saldo";
"SALDO INICIAL";"saldo";
"RSHOP-DROGARIA PR-01/04";"farmacia";
"RSHOP-SWIFT NOVA -01/04";"alimentação";
"IOF";"banco";
"RES APLIC AUT MAIS";"banco";
"SALDO APLIC AUT MAIS";"saldo";
"TAR PACOTE ITAU   MAR/20";"banco";
"RES APLIC AUT MAIS";"banco";
"SALDO APLIC AUT MAIS";"saldo";
"RSHOP-LOJAS AMERI-03/04";"compras";
"RSHOP-MARTINS & R-03/04";"compras";
"RSHOP-RAIA 47    -03/04";"farmacia";
"RSHOP-SONDA TREME-03/04";"mercado";
"RES APLIC AUT MAIS";"banco";
"SALDO APLIC AUT MAIS";"saldo";
"CXE 000547 SAQUE 04/04";"saque";
"RSHOP-AUTO POSTO -04/04";"gasolina";
"RSHOP-AUTO POSTO -04/04";"gasolina";
"RSHOP-DICICO TREM-04/04";"compras";
"RSHOP-DOM JOSE   -04/04";"compras";
"RSHOP-DROGARIA PR-06/04";"farmacia";
"RSHOP-DROGARIA NO-04/04";"farmacia";
"RSHOP-DROGARIA NO-04/04";"farmacia";
"RSHOP-HORTIFRUTI -04/04";"feira";
"RSHOP-LEVI DA SIL-04/04";"compras";
"RSHOP-M A KOCH LA-04/04";"compras";
"RSHOP-MERCADINHO -04/04";"mercado";
"RSHOP-RAIA 153   -04/04";"farmacia";
"RSHOP-SONDA TREME-04/04";"mercado";
"RSHOP-SONDA TREME-05/04";"mercado";
"RSHOP-SONDA TREME-06/04";"mercado";
"RES APLIC AUT MAIS";"banco";
"SALDO APLIC AUT MAIS";"saldo";
"RSHOP-SONDA TREME-07/04";"mercado";
"INT NEXTEL 9099999730370";"celular";
"INT NEXTEL 9199999730370";"celular";
"RES APLIC AUT MAIS";"banco";
"SALDO APLIC AUT MAIS";"saldo";
"DEB AUTOR UNICEF";"doação";
"RES APLIC AUT MAIS";"banco";
"SALDO APLIC AUT MAIS";"saldo";
"CXE     000331 SAQUE";"saque";
"RSHOP-AUTO POSTO -09/04";"gasolina";
"RES APLIC AUT MAIS";"banco";
"SALDO APLIC AUT MAIS";"saldo";
"RSHOP-ARIZONA PAE-13/04";"padaria";
"RSHOP-CHOCOLATES -12/04";"alimentação";
"RSHOP-DROGARIA PR-11/04";"farmacia";
"RSHOP-ESPETO DO V-11/04";"alimentação";
"RSHOP-PADARIA NOV-12/04";"padaria";
"RSHOP-PAG*JoseGil-12/04";"compras";
"RSHOP-SONDA JACAN-12/04";"mercado";
"RSHOP-STELO*MARIO-12/04";"compras";
"SEGURO CARTAO";"banco";
"SALDO PARCIAL";"saldo";
"SALDO ANTERIOR";"saldo";
"RES APLIC AUT MAIS";"banco";
"RSHOP-HABIBS     -14/04";"alimentação";
"RSHOP-SONDA JACAN-14/04";"mercado";
"RSHOP-ARIZONA PAE-15/04";"padaria";
"RSHOP-PAG*FarmaEF-15/04";"farmacia";
"RSHOP-PAG*FarmaEF-15/04";"farmacia";
"TBI 2948.08717-2     C/C";"deposito";
"INT ITAUCARD";"cartão credito";
"TBI 9293.22915-0/500";"resgate";
"TED 237.2846ANDRE N BARB";"salario";
"APL APLIC AUT MAIS";"saldo";
"SALDO APLIC AUT MAIS";"saldo";
"RSHOP-COMANDO JOV-16/04";"compras";
"RSHOP-COMERCIO DE-16/04";"compras";
"RSHOP-ECIVALDO CA-16/04";"compras";
"RSHOP-PAG*diegoej-16/04";"compras";
"RSHOP-PAG*Taylane-16/04";"compras";
"RES APLIC AUT MAIS";"banco";
"SALDO APLIC AUT MAIS";"saldo";
"RSHOP-DROGARIA PR-17/04";"farmacia";
"RES APLIC AUT MAIS";"banco";
"SALDO APLIC AUT MAIS";"saldo";
"RSHOP-ADEGA DO AL-18/04";"alimentação";
"RSHOP-ARIZONA PAE-18/04";"padaria";
"RSHOP-DROGARIA MA-19/04";"farmacia";
"RSHOP-EVANDRO G N-19/04";"compras";
"RSHOP-FARMAVAN XI-18/04";"farmacia";
"RSHOP-OURINHOS SU-18/04";"mercado";
"RSHOP-SONDA JACAN-19/04";"mercado";
"RES APLIC AUT MAIS";"banco";
"SALDO APLIC AUT MAIS";"saldo";
"RSHOP-ARIZONA PAE-21/04";"padaria";
"INT TED D   404795 SEGUR";"boleto";
"RES APLIC AUT MAIS";"banco";
"SALDO APLIC AUT MAIS";"saldo";
"CXE     000133 SAQUE";"saque";
"RSHOP-ARIZONA PAE-23/04";"padaria";
"RES APLIC AUT MAIS";"banco";
"RSHOP-AUTO POSTO -24/04";"gasolina";
"RSHOP-MERCADINHO -24/04";"mercado";
"RSHOP-ARBYS SUPER-26/04";"compras";
"RSHOP-ARIZONA PAE-27/04";"padaria";
"RSHOP-AUTO POSTO -26/04";"gasolina";
"RSHOP-DROGARIA PR-27/04";"farmacia";
"RSHOP-LEROY MERLI-25/04";"compras";
"RSHOP-MC DONALDS -25/04";"alimentação";
"RSHOP-PAG*IgorDeA-25/04";"compras";
"RSHOP-RAIA 47    -27/04";"farmacia";
"RSHOP-SONDA TREME-25/04";"mercado";
"RSHOP-SONDA TREME-25/04";"mercado";
"RSHOP-LEROY MERLI-29/04";"compras";
"CXE     000620 SAQUE";"saque";
"RSHOP-ANDORINHA H-30/04";"mercado";
"SALDO PARCIAL";"saldo";
"SALDO ANTERIOR";"saldo";
"RSHOP-PASTEIS M M-30/04";"alimentação";
"RSHOP-PASTEIS YAS-30/04";"alimentação";
"INT TED  511000";"boleto";
"INT TED  513437 SEMI";"seminario";
"TED 237.2846ANDRE N BARB";"salario";
"APL APLIC AUT MAIS";"saldo";
"SALDO APLIC AUT MAIS";"saldo";
"SALDO FINAL";"saldo";
"SALDO INICIAL";"saldo";
"RSHOP-LOJAS AMERI-03/05";"compras";
"RSHOP-MERCADINHO -03/05";"mercado";
"RSHOP-PAG*MarcosD-01/05";"compras";
"RSHOP-POSTO AMMA -04/05";"gasolina";
"RSHOP-STELO S A *-02/05";"compras";
"TBI 9293.22915-0/500";"poupança";
"RES APLIC AUT MAIS";"banco";
"REND PAGO APLIC AUT MAIS";"saldo";
"SALDO APLIC AUT MAIS";"saldo";
"INT TED 033072610089869";"boleto";
"TAR PACOTE ITAU   ABR/20";"banco";
"RES APLIC AUT MAIS";"banco";
"SALDO APLIC AUT MAIS";"saldo";
"SALDO APLIC AUT MAIS";"saldo";
"CXE     000406 SAQUE";"saque";
"RES APLIC AUT MAIS";"banco";
"SALDO APLIC AUT MAIS";"saldo";
"ELECTRONSONDA JACAN";"mercado";
"RES APLIC AUT MAIS";"banco";
"SALDO APLIC AUT MAIS";"saldo";
"ELECTRONADEGA DO AL";"alimentação";
"ELECTRONARIANA DIAS";"compras";
"ELECTRONARIZONA PAE";"padaria";
"ELECTRONARIZONA PAE";"padaria";
"ELECTRONCOM DE FRAN";"compras";
"ELECTRONDRIVE DUMON";"compras";
"ELECTRONMARIA LUCIA";"compras";
"ELECTRONMOCOTO REST";"alimentação";
"ELECTRONSONDA TREME";"mercado";
"ELECTRONSONDA TREME";"mercado";
"SEGURO CARTAO";"banco";
"DEB AUTOR UNICEF";"doação";
"RES APLIC AUT MAIS";"banco";
"REND PAGO APLIC AUT MAIS";"saldo";
"SALDO APLIC AUT MAIS";"saldo";
"ELECTRONAUTO POSTO";"gasolina";
"RES APLIC AUT MAIS";"banco";
"SALDO APLIC AUT MAIS";"saldo";
"CXE     000026 SAQUE";"saque";
"ELECTRONSONDA TREME";"mercado";
"RES APLIC AUT MAIS";"banco";
"SALDO APLIC AUT MAIS";"saldo";
"INT NEXTEL 9599999726182";"celular";
"INT NEXTEL 9899999726181";"celular";
"ELECTRONLOJAS AMERI";"compras";
"ELECTRONSONDA TREME";"mercado";
"ELECTRONVG CELULARE";"celular";
"RES APLIC AUT MAIS";"banco";
"REND PAGO APLIC AUT MAIS";"saldo";
"SALDO APLIC AUT MAIS";"saldo";
"ELECTRONADEGA DO AL";"alimentação";
"ELECTRONARIZONA PAE";"padaria";
"ELECTRONDROGARIA PR";"farmacia";
"SALDO PARCIAL";"saldo";
"SALDO ANTERIOR";"saldo";
"ELECTRONHABIBS";"alimentação";
"ELECTRONS KOMESU MA";"compras";
"INT ITAUCARD";"cartão credito";
"TED 237.2846ANDRE N BARB";"salario";
"APL APLIC AUT MAIS";"saldo";
"SALDO APLIC AUT MAIS";"saldo";
"CXE 001628 SAQUE 17/05";"saque";
"ELECTRONARIZONA PAE";"padaria";
"ELECTRONDROGARIA PR";"farmacia";
"ELECTRONEDIVALDO PE";"compras";
"ELECTRONFRANGOS E V";"alimentação";
"ELECTRONJ E VERDURA";"feira";
"ELECTRONMARIA LUCIA";"compras";
"ELECTRONPAG*diegoej";"compras";
"ELECTRONPAG*Antonio";"compras";
"ELECTRONPAG*Severin";"compras";
"ELECTRONS KOMESU MA";"compras";
"ELECTRONSONDA JACAN";"mercado";
"RES APLIC AUT MAIS";"banco";
"SALDO APLIC AUT MAIS";"saldo";
"ELECTRONARIZONA PAE";"padaria";
"ELECTRONAUTO POSTO";"gasolina";
"ELECTRONBANCA DUDUC";"compras";
"ELECTRONBANCA DUDUC";"compras";
"ELECTRONBOM FILET";"compras";
"RES APLIC AUT MAIS";"banco";
"SALDO APLIC AUT MAIS";"saldo";
"ELECTRONANDORINHA H";"mercado";
"ELECTRONANDORINHA H";"mercado";
"RES APLIC AUT MAIS";"banco";
"SALDO APLIC AUT MAIS";"saldo";
"SALDO APLIC AUT MAIS";"saldo";
"ELECTRONROTA CANTAR";"compras";
"INT TED 237284600601853";"seguro";
"RES APLIC AUT MAIS";"banco";
"SALDO APLIC AUT MAIS";"saldo";
"SAQUE 24H 08741753 24/05";"saque";
"ELECTRONARIZONA PAE";"padaria";
"ELECTRONARIZONA PAE";"padaria";
"ELECTRONDROGARIA PR";"farmacia";
"ELECTRONPAG*Frigott";"frango";
"ELECTRONSTELO*Banca";"compras";
"RES APLIC AUT MAIS";"banco";
"SALDO APLIC AUT MAIS";"saldo";
"SALDO APLIC AUT MAIS";"saldo";
"SALDO APLIC AUT MAIS";"saldo";
"ELECTRONARIZONA PAE";"padaria";
"ELECTRONDROGARIA PR";"farmacia";
"RES APLIC AUT MAIS";"banco";
"SALDO APLIC AUT MAIS";"saldo";
"ELECTRONADEGA DO AL";"alimentação";
"ELECTRONARIZONA PAE";"padaria";
"ELECTRONDEPOSITO DO";"alimentação";
"SALDO PARCIAL";"saldo";
"SALDO ANTERIOR";"saldo";
"ELECTRONFERNANDA GO";"compras";
"ELECTRONO REI 1";"compras";
"ELECTRONPAG*hprospe";"compras";
"RES APLIC AUT MAIS";"banco";
"SALDO FINAL";"saldo";
"SALDO ANTERIOR";"saldo";
"ELECTRONDROGARIA SA";"farmacia";
"ELECTRONEURIPEDES D";"compras";
"ELECTRONFEIRANTE";"feira";
"ELECTRONMARTINS & R";"compras";
"ELECTRONPAG*galasso";"compras";
"ELECTRONPAG*Geraldo";"compras";
"ELECTRONPAG*PerfecS";"compras";
"ELECTRONPAG*RafaelF";"compras";
"ELECTRONSONDA JACAN";"mercado";
"SALDO DO DIA";"saldo";
"ELECTRONARIZONA PAE";"padaria";
"TAR PACOTE ITAU   MAI/20";"banco";
"SALDO DO DIA";"saldo";
"ELECTRONADEGA DO AL";"alimentação";
"ELECTRONASSAI ATACA";"mercado";
"ELECTRONDROGARIA PR";"farmacia";
"SALDO DO DIA";"saldo";
"ELECTRONARIZONA PAE";"padaria";
"ELECTRONB LA MILETT";"compras";
"ELECTRONDROGARIA PR";"farmacia";
"SALDO DO DIA";"saldo";
"SAQUE 24H 14645709 07/06";"saque";
"ELECTRONARIZONA PAE";"padaria";
"ELECTRONATACADAO DA";"mercado";
"ELECTRONDICICO TREM";"compras";
"ELECTRONDONAJU";"compras";
"ELECTRONDROGARIA SA";"farmacia";
"ELECTRONOURINHOS SU";"mercado";
"ELECTRONPAG*galasso";"compras";
"ELECTRONPIZZA DELIG";"alimentação";
"ELECTRONR M SHIMABU";"compras";
"ELECTRONR M SHIMABU";"compras";
"ELECTRONR M SHIMABU";"compras";
"ELECTRONSONDA TREME";"mercado";
"SALDO DO DIA";"saldo";
"INT NEXTEL 9299999721677";"celular";
"INT NEXTEL 9999999721700";"celular";
"ELECTRONFURACAO DA";"compras";
"ELECTRONOURINHOS SU";"mercado";
"ELECTRONR M SHIMABU";"compras";
"SEGURO CARTAO";"banco";
"SALDO DO DIA";"saldo";
"INT  PAG TIT BANCO 033";"boleto";
"INT  PAG TIT BANCO 237";"boleto";
"ELECTRONDEPOSITO DO";"alimentação";
"ELECTRONFOTOMANIA";"compras";
"ELECTRONJOSEFA MARL";"compras";
"ELECTRONLOJA PROGRE";"compras";
"ELECTRONMUNDIAL CAL";"compras";
"ELECTRONO REI 1";"compras";
"DEB AUTOR UNICEF";"doação";
"SALDO DO DIA";"saldo";
"SAQUE 24H 11143138 14/06";"saque";
"ELECTRONARIZONA PAE";"padaria";
"ELECTRONARIZONA PAE";"padaria";
"ELECTRONDROGARIA PR";"farmacia";
"ELECTRONDV3";"compras";
"ELECTRONRUMO LESTE";"compras";
"ELECTRONSONDA TREME";"mercado";
"ELECTRONSTELO S A *";"compras";
"INT ITAUCARD";"cartão credito";
"TBI 9293.22915-0/500";"resgate";
"TED 237.2846ANDRE N BARB";"salario";
"SDO CTA/APL AUTOMATICAS";"saldo";
"ELECTRONAUTO POSTO";"gasolina";
"ELECTRONPIZZA DELIG";"alimentação";
"SDO CTA/APL AUTOMATICAS";"saldo";
"ELECTRONANDORINHA H";"mercado";
"ELECTRONARIZONA PAE";"padaria";
"SDO CTA/APL AUTOMATICAS";"saldo";
"ELECTRONDROGARIA PR";"farmacia";
"SDO CTA/APL AUTOMATICAS";"saldo";
"ELECTRONAGUA FRIA P";"compras";
"ELECTRONMERCADOCAR";"Pç carro";
"ELECTRONSTELO S A *";"compras";
"SDO CTA/APL AUTOMATICAS";"saldo";
"INT PAG TIT 176008796308";"boleto";
"SAQUE 24H 11661220 21/06";"saque";
"ELECTRONARIZONA PAE";"padaria";
"ELECTRONBD";"compras";
"ELECTRONPADARIA PAL";"padaria";
"ELECTRONVON BEBEER";"compras";
"INT TED 237284600601853";"seguro";
"SDO CTA/APL AUTOMATICAS";"saldo";
"ELECTRONARIZONA PAE";"padaria";
"ELECTRONDROGARIA PR";"farmacia";
"ELECTRONOURINHOS SU";"mercado";
"SDO CTA/APL AUTOMATICAS";"saldo";
"ELECTRONARIZONA PAE";"padaria";
"ELECTRONDROGARIA PR";"farmacia";
"ELECTRONDROGARIA SA";"farmacia";
"SDO CTA/APL AUTOMATICAS";"saldo";
"ELECTRONARIZONA PAE";"padaria";
"ELECTRONDIB FERNAND";"compras";
"ELECTRONMARELLAS CA";"compras";
"ELECTRONMC DONALDS";"alimentação";
"SALDO DO DIA";"saldo";
"ELECTRONARIZONA PAE";"padaria";
"ELECTRONDEPOSITO DO";"alimentação";
"ELECTRONJARDIM MODA";"compras";
"ELECTRONRAIA 47";"farmacia";
"SALDO DO DIA";"saldo";
"INT PAG TIT 109804018839";"boleto";
"INT  PAG TIT BANCO 033";"boleto";
"INT  PAG TIT BANCO 033";"boleto";
"SAQUE 24H 08799322 28/06";"saque";
"INT NET SERV COMUNICAC 4";"divida";
"INT NET SERV COMUNICAC 4";"divida";
"INT NET SERV COMUNICAC 4";"divida";
"ELECTRONANDORINHA H";"mercado";
"ELECTRONDIA BRASIL";"compras";
"ELECTRONOURINHOS SU";"mercado";
"ELECTRONPAG*diegoej";"compras";
"ELECTRONPAG*diegoej";"compras";
"ELECTRONPAG*Frigott";"frango";
"ELECTRONSONDA TREME";"mercado";
"SALDO DO DIA";"saldo";
"TBI 9293.22915-0/500";"poupança";
"TED 237.2846ANDRE N BARB";"salario";
"SDO CTA/APL AUTOMATICAS";"saldo";
"SALDO ANTERIOR";"saldo";
"SALDO ANTERIOR";"saldo";
"ELECTRONANDORINHA H";"mercado";
"ELECTRONARIZONA PAE";"padaria";
"ELECTRONPOSTO FLORI";"compras";
"ELECTRONREDE DE CAR";"compras";
"TAR PACOTE ITAU   JUN/20";"banco";
"SDO CTA/APL AUTOMATICAS";"saldo";
"SDO CTA/APL AUTOMATICAS";"saldo";
"INT PAG TIT 109001140044";"boleto";
"SAQUE 24H 13784251 05/07";"saque";
"SAQUE 24H 18568832";"conserto maquina";
"ELECTRONARIZONA PAE";"padaria";
"ELECTRONMC DONALDS";"alimentação";
"ELECTRONPAG*Frigott";"frango";
"ELECTRONSERGIO EIZO";"compras";
"LIS/JUROS     14 DIAS";"juros";
"SDO CTA/APL AUTOMATICAS";"saldo";
"ELECTRONAUTO POSTO";"gasolina";
"ELECTRONDEPOSITO DO";"alimentação";
"ELECTRONOURINHOS SU";"mercado";
"ELECTRONR M SHIMABU";"compras";
"SDO CTA/APL AUTOMATICAS";"saldo";
"INT NEXTEL 9699999717361";"celular";
"SDO CTA/APL AUTOMATICAS";"saldo";
"ELECTRONARIZONA PAE";"padaria";
"ELECTRONSONDA TREME";"mercado";
"SDO CTA/APL AUTOMATICAS";"saldo";
"ELECTRONDIA FRANQUI";"compras";
"ELECTRONMAHAL LANCH";"compras";
"ELECTRON2081  - PA";"compras";
"SEGURO CARTAO";"banco";
"DEB AUTOR UNICEF";"doação";
"SDO CTA/APL AUTOMATICAS";"saldo";
"SAQUE 24H 10992964 12/07";"saque";
"INT NEXTEL 9499999717361";"celular";
"ELECTRONFAZ MASTER";"compras";
"ELECTRONMARTINS & R";"compras";
"ELECTRONPAG*CamilaT";"compras";
"ELECTRONSERGIO EIZO";"compras";
"ELECTRONSONDA JACAN";"mercado";
"ELECTRONSONDA TREME";"mercado";
"INT TED  451045 DOMINGOS";"manutenção";
"SDO CTA/APL AUTOMATICAS";"saldo";
"TBI 0747.56106-6";"emprestimo";
"ELECTRONSONDA JACAN";"mercado";
"SALDO DO DIA";"saldo";
"ELECTRONBD";"compras";
"INT ITAUCARD";"cartão credito";
"TBI 0747.56106-6";"emprestimo";
"TED 237.2846ANDRE N BARB";"salario";
"SDO CTA/APL AUTOMATICAS";"saldo";
"SDO CTA/APL AUTOMATICAS";"saldo";
"ELECTRONARIZONA PAE";"padaria";
"ELECTRONDROGARIA VE";"farmacia";
"ELECTRONPAG*Phoenix";"compras";
"ELECTRONPAG*Phoenix";"compras";
"SDO CTA/APL AUTOMATICAS";"saldo";
"ELECTRONARIZONA PAE";"padaria";
"ELECTRONPAG*Frigott";"frango";
"ELECTRONRRM EST E G";"compras";
"ELECTRONSONIA NORIK";"compras";
"ELECTRONSUPERMERCAD";"mercado";
"SDO CTA/APL AUTOMATICAS";"saldo";
"INT TED 237274100473111";"seminario";
"SDO CTA/APL AUTOMATICAS";"saldo";
"ELECTRONARIZONA PAE";"padaria";
"INT TED 237284600601853";"seguro";
"SDO CTA/APL AUTOMATICAS";"saldo";
"ELECTRONAUTO POSTO";"gasolina";
"ELECTRONSONDA TREME";"mercado";
"ELECTRONSONDA TREME";"mercado";
"SALDO DO DIA";"saldo";
"ELECTRONMC DONALDS";"alimentação";
"ELECTRONSTELO S A *";"compras";
"INT TED 212000112860972";"compras";
"SALDO DO DIA";"saldo";
"SAQUE 24H 09919556 26/07";"saque";
"TBI 1491.48993-4michelle";"michelle";
"ELECTRONLJ 17 GLOBA";"compras";
"ELECTRONM A KOCH LA";"compras";
"ELECTRONPAG*Frigott";"frango";
"ELECTRONPERFUMARIA";"compras";
"ELECTRONR C P FARMA";"farmacia";
"ELECTRONR C P FARMA";"farmacia";
"ELECTRONSONDA JACAN";"mercado";
"ELECTRONSONDA JACAN";"mercado";
"SALDO DO DIA";"saldo";
"ELECTRONASSAI ATACA";"mercado";
"SALDO DO DIA";"saldo";
"ELECTRONARIZONA PAE";"padaria";
"SALDO DO DIA";"saldo";
"ELECTRONPAG*FarmaEF";"farmacia";
"DOC 001.REST. IR";"restituição irpf";
"SALDO DO DIA";"saldo";
"(-) SALDO A LIBERAR";"saldo";
"SALDO FINAL DEVEDOR";"saldo";
"TBI 9293.22915-0/500";"poupança";
"ELECTRONARIZONA PAE";"padaria";
"TED 237.2846ANDRE N BARB";"salario";
"SDO CTA/APL AUTOMATICAS";"saldo";
"SALDO DO DIA";"saldo";
"SALDO ANTERIOR";"saldo";
"ELECTRONALTO DA SER";"compras";
"ELECTRONARIZONA PAE";"padaria";
"ELECTRONAUTO POSTO";"gasolina";
"ELECTRONDROG SAO PA";"farmacia";
"ELECTRONMEU CHAPA B";"alimentação";
"ELECTRONSONDA TREME";"mercado";
"SDO CTA/APL AUTOMATICAS";"saldo";
"INT  PAG TIT BANCO 237";"boleto";
"ELECTRONARIZONA PAE";"padaria";
"ELECTRONPAG*hprospe";"compras";
"TAR PACOTE ITAU   JUL/20";"banco";
"SDO CTA/APL AUTOMATICAS";"saldo";
"INT NEXTEL 9399999712769";"celular";
"INT NEXTEL 9399999712844";"celular";
"ELECTRONARIZONA PAE";"padaria";
"INT TED  189541 SEMI";"seminario";
"SDO CTA/APL AUTOMATICAS";"saldo";
"ELECTRONSONDA TREME";"mercado";
"SDO CTA/APL AUTOMATICAS";"saldo";
"ELECTRONCOZINHART E";"compras";
"ELECTRONKALUNGA NOV";"compras";
"ELECTRONOURINHOS SU";"mercado";
"ELECTRONOURINHOS SU";"mercado";
"ELECTRONR M SHIMABU";"compras";
"ELECTRONRUFPLAST";"compras";
"SDO CTA/APL AUTOMATICAS";"saldo";
"INT PAG TIT 109001179554";"boleto";
"ELECTRONARIZONA PAE";"padaria";
"ELECTRONDROGARIA PR";"farmacia";
"ELECTRONDROGARIA PR";"farmacia";
"ELECTRONGABRIELLA C";"compras";
"ELECTRONTORRA TORRA";"roupa";
"SEGURO CARTAO";"banco";
"DEB AUTOR UNICEF";"doação";
"REND PAGO APLIC AUT MAIS";"saldo";
"SDO CTA/APL AUTOMATICAS";"saldo";
"SDO CTA/APL AUTOMATICAS";"saldo";
"ELECTRONANDORINHA H";"mercado";
"ELECTRONANDORINHA H";"mercado";
"ELECTRONBRILHO REAL";"mercado";
"SDO CTA/APL AUTOMATICAS";"saldo";
"SDO CTA/APL AUTOMATICAS";"saldo";
"ELECTRONARIZONA PAE";"padaria";
"ELECTRONARIZONA PAE";"padaria";
"ELECTRONDROGARIA PR";"farmacia";
"ELECTRONSONDA TREME";"mercado";
"SDO CTA/APL AUTOMATICAS";"saldo";
"SAQUE 24H 11269792 16/08";"saque";
"ELECTRONBD";"compras";
"ELECTRONDICICO TREM";"material casa";
"ELECTRONDICICO TREM";"material casa";
"ELECTRONMEU CHAPA B";"alimentação";
"ELECTRONPAG*Frigott";"frango";
"ELECTRONSONDA JACAN";"mercado";
"INT ITAUCARD";"cartão credito";
"TED 237.2846ANDRE N BARB";"salario";
"SDO CTA/APL AUTOMATICAS";"saldo";
"SDO CTA/APL AUTOMATICAS";"saldo";
"ELECTRONDROGARIA SA";"farmacia";
"ELECTRONSONDA TREME";"mercado";
"SDO CTA/APL AUTOMATICAS";"saldo";
"ELECTRONLEVI DA SIL";"compras";
"SDO CTA/APL AUTOMATICAS";"saldo";
"ELECTRONARIZONA PAE";"padaria";
"ELECTRONARIZONA PAE";"padaria";
"ELECTRONMAYARA SEGA";"compras";
"ELECTRONPAD CONF JD";"padaria";
"SDO CTA/APL AUTOMATICAS";"saldo";
"SAQUE 24H 10350379 23/08";"saque";
"ELECTRONARIZONA PAE";"padaria";
"ELECTRONCASAS DE BO";"alimentação";
"ELECTRONCASAS DE BO";"alimentação";
"ELECTRONCENTRO AUTO";"alimentação";
"ELECTRONMOCOTO REST";"alimentação";
"ELECTRONPAG*Chaveir";"chaveiro";
"ELECTRONPAG*Frigott";"frango";
"ELECTRONSONDA JACAN";"mercado";
"ELECTRONSONDA TREME";"mercado";
"ELECTRONSUA ACADEMI";"academia";
"SDO CTA/APL AUTOMATICAS";"saldo";
"ELECTRONBD";"compras";
"ELECTRONSONDA TREME";"mercado";
"SDO CTA/APL AUTOMATICAS";"saldo";
"SDO CTA/APL AUTOMATICAS";"saldo";
"ELECTRONSONDA TREME";"mercado";
"ELECTRONSONDA TREME";"mercado";
"SDO CTA/APL AUTOMATICAS";"saldo";
"ELECTRONSONDA TREME";"mercado";
"SDO CTA/APL AUTOMATICAS";"saldo";
"SAQUE 24H 12686085 30/08";"saque";
"TBI 9293.22915-0/500";"poupança";
"ELECTRONLEVI DA SIL";"compras";
"ELECTRONMC DONALDS";"alimentação";
"ELECTRONPAG*Frigott";"frango";
"ELECTRONPAG*Frigott";"frango";
"ELECTRONPROMOFARMA";"farmacia";
"TED 237.2846ANDRE N BARB";"salario";
"SDO CTA/APL AUTOMATICAS";"saldo";
"SALDO DO DIA";"saldo";
"SALDO ANTERIOR";"saldo";
"ELECTRONDROGARIA PR";"farmacia";
"SDO CTA/APL AUTOMATICAS";"saldo";
"TAR PACOTE ITAU   AGO/20";"banco";
"SDO CTA/APL AUTOMATICAS";"saldo";
"ELECTRONSONDA TREME";"mercado";
"SDO CTA/APL AUTOMATICAS";"saldo";
"ELECTRONPROMO FARMA";"farmacia";
"SDO CTA/APL AUTOMATICAS";"saldo";
"SAQUE 24H 16358012 06/09";"saque";
"ELECTRONARIZONA PAE";"padaria";
"ELECTRONARIZONA PAE";"padaria";
"ELECTRONM A KOCH LA";"compras";
"ELECTRONPADARIA PAL";"padaria";
"ELECTRONPAG*Frigott";"frango";
"ELECTRONPAG*OPESCAD";"restaurante";
"ELECTRONSONDA JACAN";"mercado";
"ELECTRONSONDA TREME";"mercado";
"ELECTRONSONDA TREME";"mercado";
"ELECTRONSTELO S A *";"compras";
"SALDO DO DIA";"saldo";
"INT NEXTEL 9099999708303";"celular";
"ELECTRONSONDA TREME";"mercado";
"SALDO DO DIA";"saldo";
"INT PAG TIT 109016422561";"boleto";
"ELECTRONLEVI DA SIL";"compras";
"ELECTRONPAG*Mercado";"compras";
"ELECTRONPROMO FARMA";"farmacia";
"ELECTRONSTELO S A *";"compras";
"SEGURO CARTAO";"banco";
"SALDO DO DIA";"saldo";
"INT  PAG TIT BANCO 237";"boleto";
"DEB AUTOR UNICEF";"doação";
"SALDO DO DIA";"saldo";
"CXE 000844 SAQUE 13/09";"saque";
"SAQUE 24H 10588358 13/09";"saque";
"INT NEXTEL 9399999708378";"celular";
"ELECTRONADRIANO CHI";"compras";
"ELECTRONANDORINHA H";"mercado";
"ELECTRONLEVI DA SIL";"compras";
"ELECTRONLOJAS AMERI";"compras";
"ELECTRONPAG*Frigott";"frango";
"ELECTRONSERGIO EIZO";"compras";
"ELECTRONSONDA JACAN";"mercado";
"SALDO DO DIA";"saldo";
"ELECTRONANDORINHA H";"mercado";
"ELECTRONCENTRO AUTO";"mercado";
"ELECTRONMG COMERCIO";"mercado";
"ELECTRONPROMO FARMA";"farmacia";
"INT ITAUCARD";"cartão credito";
"TED 237.2846ANDRE N BARB";"salario";
"SDO CTA/APL AUTOMATICAS";"saldo";
"ELECTRONSONDA TREME";"mercado";
"SDO CTA/APL AUTOMATICAS";"saldo";
"ELECTRONLINDA VIVI";"compras";
"ELECTRONPAG*bancado";"compras";
"ELECTRONSONDA TREME";"mercado";
"SDO CTA/APL AUTOMATICAS";"saldo";
"ELECTRONLEVI DA SIL";"compras";
"ELECTRONOURINHOS SU";"mercado";
"SDO CTA/APL AUTOMATICAS";"saldo";
"SAQUE 24H 09674540 19/09";"aniversario samuel(entr+van)";
"ELECTRONANDORINHA H";"mercado";
"ELECTRONANDORINHA H";"mercado";
"ELECTRONDEPOSITO DO";"alimentação";
"ELECTRONHABIBS";"alimentação";
"ELECTRONPAG*OPESCAD";"alimentação";
"ELECTRONPROMO FARMA";"farmacia";
"ELECTRONSONDA TREME";"mercado";
"ELECTRONSONDA TREME";"mercado";
"ELECTRONSTELO S A *";"compras";
"SALDO DO DIA";"saldo";
"ELECTRONBD";"compras";
"ELECTRONOURINHOS SU";"mercado";
"SALDO DO DIA";"saldo";
"INT  PAG TIT BANCO 001";"boleto";
"ELECTRONCENTRO AUTO";"mercado";
"ELECTRONPARK NOW ES";"boleto";
"ELECTRONSONDA TREME";"mercado";
"INT TED  498255 SEMI";"seminario";
"TBI 9293.22915-0/500";"resgate";
"SDO CTA/APL AUTOMATICAS";"saldo";
"ELECTRONJ A SABAO C";"compras";
"ELECTRONLOIRASSA BA";"compras";
"ELECTRONLOJAS AMERI";"compras";
"ELECTRONLOJAS AMERI";"compras";
"ELECTRONMARIA AMALI";"compras";
"ELECTRONPADARIA PAL";"padaria";
"ELECTRONPAG*CarlaGo";"compras";
"ELECTRONPAG*Joseane";"compras";
"ELECTRONPAG*Mariaap";"compras";
"ELECTRONPAG*SERGIOY";"compras";
"ELECTRONPASTEIS M M";"alimentação";
"ELECTRONRICARDO VIA";"compras";
"SDO CTA/APL AUTOMATICAS";"saldo";
"ELECTRONAUTO POSTO";"gasolina";
"ELECTRONLOJASMEL SA";"compras";
"ELECTRONM S H";"compras";
"ELECTRONMARCELO ROD";"compras";
"ELECTRONMAYARA SEGA";"compras";
"ELECTRONSONDA TREME";"mercado";
"ELECTRONSONDA TREME";"mercado";
"SALDO DO DIA";"saldo";
"SAQUE 24H 10744894 27/09";"saque";
"ELECTRONLOJAS AMERI";"compras";
"ELECTRONMC DONALDS";"alimentação";
"ELECTRONPAG*Frigott";"frango";
"ELECTRONSONDA JACAN";"mercado";
"ELECTRONSONDA TREME";"mercado";
"ELECTRONSONDA TREME";"mercado";
"SALDO DO DIA";"saldo";
"TBI 9293.22915-0/500";"poupança";
"ELECTRONPASTEIS TAN";"alimentação";
"ELECTRONPASTEIS TAN";"alimentação";
"ELECTRONRAIA 47";"farmacia";
"INT TED  160641 SEGURO";"seguro";
"TED 237.2846ANDRE N BARB";"salario";
"SDO CTA/APL AUTOMATICAS";"saldo";
"SALDO DO DIA";"saldo";
"SALDO ANTERIOR";"saldo";
"SDO CTA/APL AUTOMATICAS";"saldo";
"TAR PACOTE ITAU   SET/20";"banco";
"SDO CTA/APL AUTOMATICAS";"saldo";
"SAQUE 24H 14082226 04/10";"saque";
"ELECTRONPAG*BOMBONI";"alimentação";
"ELECTRONPAG*Frigott";"frango";
"LIS/JUROS     14 DIAS";"juros";
"SDO CTA/APL AUTOMATICAS";"saldo";
"INT NEXTEL 9699999704015";"celular";
"SDO CTA/APL AUTOMATICAS";"saldo";
"INT NEXTEL 9699999703948";"celular";
"SDO CTA/APL AUTOMATICAS";"saldo";
"ELECTRONAUTO POSTO";"gasolina";
"ELECTRONDROGARIA PR";"farmacia";
"SDO CTA/APL AUTOMATICAS";"saldo";
"ELECTRONFCIA PAGUE";"compras";
"ELECTRONSONDA TREME";"mercado";
"ELECTRONSONDA TREME";"mercado";
"TED 237.0001BRADESCO SAU";"rembolso";
"SDO CTA/APL AUTOMATICAS";"saldo";
"INT PAG TIT 109022757711";"boleto";
"SAQUE 24H 12755310 11/10";"saque";
"TBI 0747.56106-6";"emprestimo";
"ELECTRONARIZONA PAE";"padaria";
"ELECTRONBD";"compras";
"ELECTRONPARK NOW ES";"boleto";
"ELECTRONRAIA 47";"farmacia";
"ELECTRONSONDA JACAN";"mercado";
"ELECTRONSONDA TREME";"mercado";
"SEGURO CARTAO";"banco";
"DEB AUTOR UNICEF";"doação";
"SALDO DO DIA";"saldo";
"ELECTRONHABIBS";"alimentação";
"ELECTRONRAGAZZO CAE";"alimentação";
"ELECTRONRAGAZZO CAE";"alimentação";
"TBI 0747.56106-6";"devolução";
"SALDO DO DIA";"saldo";
"CEI     000021 DINHEIRO";"devolução";
"TED 237.2846ANDRE N BARB";"salario";
"SDO CTA/APL AUTOMATICAS";"saldo";
"ELECTRONAUTO POSTO";"gasolina";
"INT ITAUCARD";"cartão credito";
"TBI 9293.22915-0/500";"resgate";
"SDO CTA/APL AUTOMATICAS";"saldo";
"ELECTRONDROGARIA PR";"farmacia";
"ELECTRONFERNANDA GO";"compras";
"ELECTRONLOJAS AMERI";"compras";
"ELECTRONMC DONALDS";"alimentação";
"ELECTRONMERCPAGO";"alimentação";
"ELECTRONPAG*Frigott";"frango";
"ELECTRONSONDA JACAN";"mercado";
"ELECTRONSONDA TREME";"mercado";
"SAQUE S/CARTAO 24H109864";"saque";
"SALDO DO DIA";"saldo";
"ELECTRONFCIA PAGUE";"alimentação";
"ELECTRONSONDA TREME";"mercado";
"SALDO DO DIA";"saldo";
"INT  PAG TIT BANCO 033";"boleto";
"INT  PAG TIT BANCO 237";"seguro";
"ELECTRONSILVIO NAKA";"compras";
"SALDO DO DIA";"saldo";
"ELECTRONTRIMAIS SUP";"mercado";
"SALDO DO DIA";"saldo";
"TBI 7633.10704-514522";"azul";
"SALDO DO DIA";"saldo";
"SAQUE 24H 10705093 25/10";"saque";
"ELECTRONBD";"compras";
"ELECTRONLOJAS AMERI";"compras";
"ELECTRONMOCOTO REST";"alimentação";
"SALDO DO DIA";"saldo";
"TBI 2959.24196-5     C/C";"reembolso";
"INT TED  554013 SEMI";"saldo";
"TBI 9293.22915-0/500";"resgate";
"TBI 9293.22915-0/500";"resgate";
"SALDO DO DIA";"saldo";
"TBI 0534.18071-6     C/C";"saldo";
"ELECTRONFCIA PAGUE";"compras";
"SALDO DO DIA";"saldo";
"SALDO ANTERIOR";"saldo";
"SAQUE 24H 13727318 01/11";"saque";
"ELECTRONFEIRANTE";"feira";
"ELECTRONOURINHOS SU";"mercado";
"ELECTRONOURINHOS SU";"mercado";
"ELECTRONPAG*CamilaT";"compras";
"ELECTRONPAG*Frigott";"frango";
"ELECTRONSANDROHAIR";"cabeleireiro";
"ELECTRONSANDROHAIR";"cabeleireiro";
"ELECTRONSONDA JACAN";"mercado";
"ELECTRONSONDA TREME";"mercado";
"ELECTRONTRIMAIS SUP";"mercado";
"TED 237.2846ANDRE N BARB";"salario";
"SDO CTA/APL AUTOMATICAS";"saldo";
"ELECTRONDROGARIA PR";"farmacia";
"TAR PACOTE ITAU   OUT/20";"banco";
"SDO CTA/APL AUTOMATICAS";"saldo";
"TBI 0057.13714-3     C/C";"saque";
"ELECTRONFURACAO DA";"compras";
"ELECTRONRAIA 47";"farmacia";
"ELECTRONTRIMAIS SUP";"mercado";
"ELECTRONTRIMAIS SUP";"mercado";
"LIS/JUROS     17 DIAS";"juros";
"SDO CTA/APL AUTOMATICAS";"saldo";
"ELECTRONCANTAREIRA";"compras";
"SDO CTA/APL AUTOMATICAS";"saldo";
"INT PAG TIT 109027453506";"boleto";
"SAQUE 24H 17920331 08/11";"saque";
"ELECTRONARIZONA PAE";"padaria";
"ELECTRONBD";"compras";
"ELECTRONCARLOS REIS";"frango";
"ELECTRONCLAUDIA KAN";"compras";
"ELECTRONDROGARIA PR";"farmacia";
"ELECTRONHABIBS";"alimentação";
"ELECTRONMEU CHAPA B";"alimentação";
"ELECTRONTRIMAIS SUP";"mercado";
"ELECTRONVALENS BAR";"compras";
"SDO CTA/APL AUTOMATICAS";"saldo";
"SEGURO CARTAO";"banco";
"SDO CTA/APL AUTOMATICAS";"saldo";
"INT NEXTEL 9799999699806";"celular";
"ELECTRONCENTURY PAE";"padaria";
"ELECTRONDROGARIA PR";"farmacia";
"ELECTRONMEU CHAPA B";"alimentação";
"ELECTRONSONEDA PERF";"compras";
"SALDO DO DIA";"saldo";
"ELECTRONPARK NOW ES";"boleto";
"ELECTRONTRIMAIS SUP";"mercado";
"DEB AUTOR UNICEF";"doação";
"SALDO DO DIA";"saldo";
"ELECTRONDROGARIA PR";"farmacia";
"ELECTRONDROGARIA PR";"farmacia";
"ELECTRONTRIMAIS SUP";"mercado";
"SALDO DO DIA";"saldo";
"SAQUE 24H 12468625 15/11";"saque";
"ELECTRONDONAJU";"compras";
"ELECTRONHABIBS";"alimentação";
"ELECTRONJAILSON BAL";"compras";
"ELECTRONLOJAS AMERI";"compras";
"ELECTRONPAG*Frigott";"frango";
"ELECTRONPAG*HiroCal";"farmacia";
"ELECTRONPASTEIS NIS";"alimentação";
"ELECTRONRAIA 47";"farmacia";
"ELECTRONTRIMAIS SUP";"mercado";
"INT ITAUCARD";"cartão credito";
"TED 237.2846ANDRE N BARB";"salario";
"SDO CTA/APL AUTOMATICAS";"saldo";
"ELECTRONTRIMAIS SUP";"mercado";
"SDO CTA/APL AUTOMATICAS";"saldo";
"ELECTRONM A KOCH LA";"compras";
"ELECTRONPARK NOW ES";"boleto";
"ELECTRONSANTO GOLE";"boleto";
"ELECTRONTRIMAIS SUP";"mercado";
"ELECTRONTRIMAIS SUP";"mercado";
"SDO CTA/APL AUTOMATICAS";"saldo";
"ELECTRONTRIMAIS SUP";"mercado";
"TED 340.0000SAMUEL JOSE";"entrada";
"SDO CTA/APL AUTOMATICAS";"saldo";
"TBI 0747.56106-6     C/C";"deposito";
"SDO CTA/APL AUTOMATICAS";"saldo";
"ELECTRONBD";"compras";
"SDO CTA/APL AUTOMATICAS";"saldo";
"ELECTRONTRIMAIS SUP";"mercado";
"TBI 0747.56106-6     C/C";"deposito";
"SDO CTA/APL AUTOMATICAS";"saldo";
"ELECTRONARLINDO VAL";"compras";
"ELECTRONSANTANA DRI";"compras";
"ELECTRONJOHNNYS 535";"compras";
"ELECTRONPAG*CaioVin";"compras";
"ELECTRONMERCPAGO";"compras";
"ELECTRONMERCPAGO";"compras";
"ELECTRONMC DONALDS";"alimentação";
"SALDO DO DIA";"saldo";
"ELECTRONPLAYLAND -";"compras";
"ELECTRONSANTANA DRI";"compras";
"SDO CTA/APL AUTOMATICAS";"saldo";
"ELECTRONCANDYMELL";"compras";
"PIX TRANSF  FRANCIS26/11";"transferencia";
"PIX TRANSF  FRANCIS26/11";"transferencia";
"EST PIX TF  FRANCISCO";"estorno";
"EST PIX TF  FRANCISCO";"estorno";
"SDO CTA/APL AUTOMATICAS";"saldo";
"TBI 0745.13546-7     C/C";"transferencia";
"ELECTRONBD";"compras";
"ELECTRONTRIMAIS SUP";"mercado";
"BO  PROMOCAO PIX CADAST";"entrada";
"SDO CTA/APL AUTOMATICAS";"saldo";
"ELECTRONPARK PLACE";"estacionamento";
"ELECTRONHABIB S";"alimentação";
"SAQUE 24H 15720220 29/11";"feira";
"ELECTRONPAG*Frigott";"frango";
"TED 237.2846ANDRE N BA";"salario";
"SALDO DO DIA";"saldo";
"ELECTRONESTAPAR SHO";"estacionamento";
"PIX TRANSF  ALEXAND23/01";"cabeleireiro";
"INT PAG TIT 109046299963";"boleto";
"INT  PAG TIT BANCO 077";"juros";
"INT NEXTEL 9099999687157";"celular";
"SALDO ANTERIOR";"saldo";
"SAQUE 24H 12244067 31/01";"saque";
"ELECTRONARIZONA PAE";"padaria";
"ELECTRONARIZONA PAE";"padaria";
"ELECTRONAV ZACHI NA";"alimentação";
"ELECTRONBD";"agua";
"ELECTRONDROGARIA PR";"farmacia";
"ELECTRONFERNANDA GO";"alimentação";
"ELECTRONPAG*Frigott";"frango";
"PIX TRANSF  ANDRE N31/01";"salario";
"PIX TRANSF  ANDRE N31/01";"salario";
"IOF";"banco";
"SDO CTA/APL AUTOMATICAS";"saldo";
"TBI 9293.22915-0/500";"poupança";
"ELECTRONTRIMAIS SUP";"mercado";
"PIX TRANSF  Ana Mar02/02";"benção";
"TED 237.0001BRADESCO SAU";"reembolso";
"TAR PACOTE ITAU   JAN/21";"banco";
"SDO CTA/APL AUTOMATICAS";"saldo";
"SDO CTA/APL AUTOMATICAS";"saldo";
"ELECTRONFARMAVAN XI";"farmacia";
"INT TED  467957";"seminario";
"SDO CTA/APL AUTOMATICAS";"saldo";
"ELECTRONBD";"agua";
"ELECTRONSALAO FERNA";"michelle";
"LIS/JUROS     24 DIAS";"banco";
"SDO CTA/APL AUTOMATICAS";"saldo";
"INT PAG TIT 109046299963";"condominio";
"INT  PAG TIT BANCO 077";"creche";
"INT NEXTEL 9099999687157";"celular";
"ELECTRONAUTO POSTO";"gasolina";
"ELECTRONBREADS VALL";"compras";
"ELECTRONCENTER CHIC";"compras";
"ELECTRONCONFECCOES";"compras";
"ELECTRONDROGARIA PR";"farmacia";
"ELECTRONFERNANDA GO";"compras";
"ELECTRONFERNANDA GO";"compras";
"ELECTRONTRIMAIS SUP";"mercado";
"TED 237.0001BRADESCO SAU";"rembolso";
"PIX TRANSF  EDUARDO06/02";"tapete";
"SALDO DO DIA";"saldo";
"INT NEXTEL 9499999687161";"celular";
"ELECTRONDROGARIA PR";"farmacia";
"SALDO DO DIA";"saldo";
"SEGURO CARTAO";"banco";
"SALDO DO DIA";"saldo";
"INT PAG TIT 109006113573";"enfermagem";
"ELECTRONBD";"compras";
"ELECTRONTRIMAIS SUP";"mercado";
"DEB AUTOR UNICEF";"doação";
"SALDO DO DIA";"saldo";
"ELECTRONBETTER INFO";"compras";
"ELECTRONPAG*MONICAP";"compras";
"ELECTRONSONDA TREME";"mercado";
"ELECTRONTRIMAIS SUP";"mercado";
"SALDO DO DIA";"saldo";
"SAQUE 24H 11104585 14/02";"saque";
"ELECTRONBD";"agua";
"ELECTRONDROGARIA PR";"farmacia";
"ELECTRONESPORT SCAP";"compras";
"ELECTRONHABIBS";"alimentação";
"ELECTRONIMW 3 R VIL";"alimentação";
"ELECTRONLOJAS RENNE";"roupa";
"ELECTRONPAES E DOCE";"padaria";
"ELECTRONPAG*Frigott";"frango";
"ELECTRONPAG*MONICAP";"compras";
"ELECTRONPAG*Rufplas";"compras";
"ELECTRONPROMOFARMA";"farmacia";
"ELECTRONPROMOFARMA";"farmacia";
"ELECTRONTRIMAIS SUP";"mercado";
"ELECTRONTRIMAIS SUP";"mercado";
"ELECTRONTRIMAIS SUP";"mercado";
"INT ITAUCARD";"cartão credito";
"TBI 9293.22915-0/500";"retirada";
"PIX QRS CLAUDIO DOU13/02";"tapete";
"PIX TRANSF  ANDRE N15/02";"salario";
"SALDO DO DIA";"saldo";
"ELECTRONTRIMAIS SUP";"mercado";
"PIX TRANSF  ALEXAND18/02";"cabeleireiro";
"SALDO DO DIA";"saldo";
"ELECTRONCENTER CHIC";"compras";
"ELECTRONM A KOCH LA";"compras";
"ELECTRONPROMOFARMA";"farmacia";
"ELECTRONTRIMAIS SUP";"mercado";
"SALDO DO DIA";"saldo";
"SALDO ANTERIOR";"saldo";2021
"ELECTRONARIZONA PAE";"padaria";
"ELECTRONDROGARIA PR";"farmacia";
"ELECTRONM A KOCH LA";"compras";
"ELECTRONPANIFICADOR";"padaria";
"ELECTRONRAGAZZO";"alimentação";
"ELECTRONTRIMAIS SUP";"mercado";
"ELECTRONTRIMAIS SUP";"mercado";
"IOF";"banco";
"SALDO DO DIA";"saldo";
"INT  PAG TIT BANCO 077";"creche";
"LIS/JUROS     11 DIAS";"juros";
"TAR PACOTE ITAU   DEZ/20";"banco";
"SALDO DO DIA";"saldo";
"ELECTRONBD";"agua";
"ELECTRONDROGARIA PR";"farmacia";
"SALDO DO DIA";"saldo";
"INT NEXTEL 9899999691047";"celular";
"INT NEXTEL 9899999691090";"celular";
"ELECTRONMARIA ELENA";"compras";
"TED 237.2846ANDRE N BARB";"salario";
"SALDO DO DIA";"saldo";
"INT PAG TIT 109038470523";"condominio";
"SAQUE 24H 18100537";"compras";
"INT SEFAZ-SP/DARE 210590";"poupatempo rg";
"ELECTRONBD";"agua";
"ELECTRONDONAJU";"compras";
"ELECTRONDROGARIA PR";"farmacia";
"ELECTRONDU MORBAII";"compras";
"ELECTRONEVANDRO G N";"compras";
"ELECTRONFURACAO DA";"compras";
"ELECTRONPAG*galasso";"feira";
"ELECTRONPAG*Rosange";"feira";
"ELECTRONPAG*SidneyD";"feira";
"ELECTRONPAG*Verdura";"feira";
"ELECTRONREINALDO DE";"frango";
"ELECTRONSILVIO NAKA";"compras";
"ELECTRONSONDA JACAN";"mercado";
"ELECTRONTRIMAIS SUP";"mercado";
"SEGURO CARTAO";"banco";
"DEB AUTOR UNICEF";"doação";
"SALDO DO DIA";"saldo";
"ELECTRONDROGARIA MA";"farmacia";
"ELECTRONMINI MERCAD";"mercado";
"ELECTRONPAG*Josisma";"mercado";
"ELECTRONTRIMAIS SUP";"mercado";
"SALDO DO DIA";"saldo";
"INT IPVA-SP HOH-6396";"multa";
"INT MULTA SP 31997756838";"multa";
"SALDO DO DIA";"saldo";
"ELECTRONDROGARIA SA";"farmacia";
"TED 237.2846ANDRE N BARB";"salario";
"SDO CTA/APL AUTOMATICAS";"saldo";
"SAQUE 24H 11770278 17/01";"saque";
"ELECTRONDROGARIA PR";"farmacia";
"ELECTRONDROGARIA PR";"farmacia";
"ELECTRONESTAPAR SHO";"estacionamento";
"ELECTRONFENIX";"alimentação";
"ELECTRONLOJAS AMERI";"compras";
"ELECTRONLOUCADEMIA";"compras";
"ELECTRONMARELLAS CA";"compras";
"ELECTRONMARELLAS CA";"compras";
"ELECTRONPAG*Frigott";"frango";
"ELECTRONSHOPPING CE";"compras";
"ELECTRONSONEDA PERF";"compras";
"ELECTRONTRIMAIS SUP";"mercado";
"ELECTRONTRIMAIS SUP";"mercado";
"ELECTRONTRIMAIS SUP";"mercado";
"ELECTRONYINGXUE MA";"mercado";
"INT ITAUCARD";"cartão credito";
"TBI 9293.22915-0/500";"resgate";
"SALDO DO DIA";"saldo";
"ELECTRONTRIMAIS SUP";"mercado";
"SALDO DO DIA";"saldo";
"ELECTRONTRIMAIS SUP";"mercado";
"SALDO DO DIA";"saldo";
"ELECTRONBD";"agua";
"ELECTRONPERFUMARIA";"compras";
"ELECTRONTRIMAIS SUP";"mercado";
"SALDO DO DIA";"saldo";
"SAQUE 24H 10758613 24/01";"saque";
"ELECTRONA POSTO JD";"compras";
"ELECTRONDROG SAO PA";"farmacia";
"ELECTRONFARMACIAS P";"farmacia";
"ELECTRONINDIGO";"compras";
"ELECTRONLILIANE AYU";"compras";
"ELECTRONMARGINAL GR";"lazer";
"ELECTRONPAG*galasso";"compras";
"ELECTRONPAG*galasso";"compras";
"ELECTRONPAG*Frigott";"frango";
"ELECTRONRAVIOLITALI";"alimentação";
"ELECTRONTRIMAIS SUP";"mercado";
"ELECTRONTRIMAIS SUP";"mercado";
"PIX TRANSF  ALEXAND23/01";"cabeleireiro";
"TBI 0747.56106-6     C/C";"deposito";
"SALDO DO DIA";"saldo";
"ELECTRONFARMACIA IN";"farmacia";
"ELECTRONPAG*Farmaco";"farmacia";
"SALDO DO DIA";"saldo";
"ELECTRONAUTO POSTO";"gasolina";
"ELECTRONPROMOFARMA";"farmacia";
"ELECTRONRAIA 47";"farmacia";
"ELECTRONRIO CONTENS";"compras";
"SALDO DO DIA";"saldo";
"ELECTRONBD";"agua";
"ELECTRONPAG*MONICAP";"compras";
"SALDO ANTERIOR";"saldo";
"SAQUE 24H 12244067 31/01";"saque";
"ELECTRONARIZONA PAE";"padaria";
"ELECTRONARIZONA PAE";"padaria";
"ELECTRONAV ZACHI NA";"alimentação";
"ELECTRONBD";"agua";
"ELECTRONDROGARIA PR";"farmacia";
"ELECTRONFERNANDA GO";"alimentação";
"ELECTRONPAG*Frigott";"frango";
"PIX TRANSF  ANDRE N31/01";"salario";
"PIX TRANSF  ANDRE N31/01";"salario";
"IOF";"banco";
"SDO CTA/APL AUTOMATICAS";"saldo";
"TBI 9293.22915-0/500";"poupança";
"ELECTRONTRIMAIS SUP";"mercado";
"PIX TRANSF  Ana Mar02/02";"benção";
"TED 237.0001BRADESCO SAU";"reembolso";
"TAR PACOTE ITAU   JAN/21";"banco";
"SDO CTA/APL AUTOMATICAS";"saldo";
"SDO CTA/APL AUTOMATICAS";"saldo";
"ELECTRONFARMAVAN XI";"farmacia";
"INT TED  467957";"seminario";
"SDO CTA/APL AUTOMATICAS";"saldo";
"ELECTRONBD";"agua";
"ELECTRONSALAO FERNA";"michelle";
"LIS/JUROS     24 DIAS";"banco";
"SDO CTA/APL AUTOMATICAS";"saldo";
"INT PAG TIT 109046299963";"condominio";
"INT  PAG TIT BANCO 077";"creche";
"INT NEXTEL 9099999687157";"celular";
"ELECTRONAUTO POSTO";"gasolina";
"ELECTRONBREADS VALL";"compras";
"ELECTRONCENTER CHIC";"compras";
"ELECTRONCONFECCOES";"compras";
"ELECTRONDROGARIA PR";"farmacia";
"ELECTRONFERNANDA GO";"compras";
"ELECTRONFERNANDA GO";"compras";
"ELECTRONTRIMAIS SUP";"mercado";
"TED 237.0001BRADESCO SAU";"rembolso";
"PIX TRANSF  EDUARDO06/02";"tapete";
"SALDO DO DIA";"saldo";
"INT NEXTEL 9499999687161";"celular";
"ELECTRONDROGARIA PR";"farmacia";
"SALDO DO DIA";"saldo";
"SEGURO CARTAO";"banco";
"SALDO DO DIA";"saldo";
"INT PAG TIT 109006113573";"enfermagem";
"ELECTRONBD";"compras";
"ELECTRONTRIMAIS SUP";"mercado";
"DEB AUTOR UNICEF";"doação";
"SALDO DO DIA";"saldo";
"ELECTRONBETTER INFO";"compras";
"ELECTRONPAG*MONICAP";"compras";
"ELECTRONSONDA TREME";"mercado";
"ELECTRONTRIMAIS SUP";"mercado";
"SALDO DO DIA";"saldo";
"SAQUE 24H 11104585 14/02";"saque";
"ELECTRONBD";"agua";
"ELECTRONDROGARIA PR";"farmacia";
"ELECTRONESPORT SCAP";"compras";
"ELECTRONHABIBS";"alimentação";
"ELECTRONIMW 3 R VIL";"alimentação";
"ELECTRONLOJAS RENNE";"roupa";
"ELECTRONPAES E DOCE";"padaria";
"ELECTRONPAG*Frigott";"frango";
"ELECTRONPAG*MONICAP";"compras";
"ELECTRONPAG*Rufplas";"compras";
"ELECTRONPROMOFARMA";"farmacia";
"ELECTRONPROMOFARMA";"farmacia";
"ELECTRONTRIMAIS SUP";"mercado";
"ELECTRONTRIMAIS SUP";"mercado";
"ELECTRONTRIMAIS SUP";"mercado";
"INT ITAUCARD";"cartão credito";
"TBI 9293.22915-0/500";"retirada";
"PIX QRS CLAUDIO DOU13/02";"tapete";
"PIX TRANSF  ANDRE N15/02";"salario";
"SALDO DO DIA";"saldo";
"ELECTRONTRIMAIS SUP";"mercado";
"PIX TRANSF  ALEXAND18/02";"cabeleireiro";
"SALDO DO DIA";"saldo";
"ELECTRONCENTER CHIC";"compras";
"ELECTRONM A KOCH LA";"compras";
"ELECTRONPROMOFARMA";"farmacia";
"ELECTRONTRIMAIS SUP";"mercado";
"SALDO DO DIA";"saldo";
"SAQUE 24H 12763504 21/02";"saque";
"ELECTRONDONAJU";"compras";
"ELECTRONHABIB S";"alimentação";
"ELECTRONMERCPAGO";"alimentação";
"ELECTRONPAG*Frigott";"frango";
"ELECTRONR C P FARMA";"farmacia";
"ELECTRONSONEDA PERF";"compras";
"PIX TRANSF  ANDRE N21/02";"compras";
"SALDO DO DIA";"saldo";
"ELECTRONSONDA TREME";"mercado";
"SALDO DO DIA";"saldo";
"ELECTRONPARK NOW ES";"estacionamento";
"SALDO DO DIA";"saldo";
"ELECTRONJEFFERSON*j";"compras";
"ELECTRONPAG*galasso";"compras";
"ELECTRONPASTEIS SON";"compras";
"ELECTRONROSANGELA F";"compras";
"ELECTRONTRIMAIS SUP";"mercado";
"SALDO DO DIA";"saldo";
"ELECTRONDROGARIA PR";"farmacia";
"ELECTRONTRIMAIS SUP";"mercado";
"SALDO DO DIA";"saldo";
"SALDO ANTERIOR";"saldo";
"SAQUE 24H 11833548 28/02";"saque";
"ELECTRONDROGARIA PR";"farmacia";
"ELECTRONFARMACIAS P";"compras";
"ELECTRONMEU CHAPA B";"alimentação";
"ELECTRONPAG*Frigott";"frango";
"ELECTRONPAG*Geraldo";"compras";
"ELECTRONPROMOFARMA";"farmacia";
"ELECTRONR C P FARMA";"farmacia";
"ELECTRONW PAPER";"compras";
"PIX TRANSF  ANDRE N27/02";"salario";
"IOF";"banco";
"SDO CTA/APL AUTOMATICAS";"saldo";
"ELECTRONPAG*MONICAP";"compras";
"ELECTRONTRIMAIS II";"mercado";
"TAR PACOTE ITAU   FEV/21";"banco";
"SDO CTA/APL AUTOMATICAS";"saldo";
"INT PAG TIT 109006113581";"enfermagem";
"INT PAG TIT 109049905525";"condominio";
"ELECTRONPAG*DirceYu";"compras";
"SDO CTA/APL AUTOMATICAS";"saldo";
"SAQUE 24H 10024040";"saque";
"ELECTRONCENTAURO SH";"natação";
"ELECTRONPAG*MONICAP";"compras";
"PIX TRANSF  MICHELL04/03";"michelle";
"SDO CTA/APL AUTOMATICAS";"saldo";
"LIS/JUROS     21 DIAS";"banco";
"SDO CTA/APL AUTOMATICAS";"saldo";
"SAQUE 24H 16333155 07/03";"saque";
"ELECTRONBD";"compras";
"ELECTRONFENIX";"compras";
"ELECTRONLOUCADEMIA";"alimentação";
"ELECTRONPAG*Frigott";"frango";
"ELECTRONSONDA JACAN";"mercado";
"ELECTRONTRIMAIS II";"mercado";
"SDO CTA/APL AUTOMATICAS";"saldo";
"SDO CTA/APL AUTOMATICAS";"saldo";
"SEGURO CARTAO";"banco";
"SDO CTA/APL AUTOMATICAS";"saldo";
"ELECTRONPROMOFARMA";"farmacia";
"ELECTRONTRIMAIS II";"mercado";
"ELECTRONTRIMAIS II";"mercado";
"SDO CTA/APL AUTOMATICAS";"saldo";
"INT NEXTEL 9299999684097";"celular";
"INT NEXTEL 9899999684073";"celular";
"PIX TRANSF  IGREJA 12/03";"seminario";
"SALDO ANTERIOR";"saldo";
"ELECTRONARIZONA PAE";"padaria";
"ELECTRONLOJAS AMERI";"compras";
"SDO CTA/APL AUTOMATICAS";"saldo";
"INT PAG TIT 109054906699";"condominio";
"TBI 9293.22915-0/500";"resgate";
"INT NEXTEL 9099999679470";"celular";
"INT NEXTEL 9099999679474";"celular";
"PIX TRANSF  ALEXAND03/04";"cabeleireiro";
"PIX TRANSF  Bruna R03/04";"doação";
"PIX TRANSF  JONAS A05/04";"alimentação";
"TAR PACOTE ITAU   MAR/21";"banco";
"REND PAGO APLIC AUT MAIS";"saldo";
"SDO CTA/APL AUTOMATICAS";"saldo";
"SDO CTA/APL AUTOMATICAS";"saldo";
"SDO CTA/APL AUTOMATICAS";"saldo";
"INT PAG TIT 109006113599";"enfermagem";
"ELECTRONTRIMAIS II";"mercado";
"SDO CTA/APL AUTOMATICAS";"saldo";
"SDO CTA/APL AUTOMATICAS";"saldo";
"SAQUE 24H 11261716 11/04";"saque";
"SAQUE 24H 13658083 11/04";"saque";
"ELECTRONAUTO POSTO";"gasolina";
"ELECTRONPAG*Frigott";"frango";
"ELECTRONPAG*Josisma";"alimentação";
"SEGURO CARTAO";"banco";
"DEB AUTOR UNICEF";"doação";
"SALDO DO DIA";"saldo";
"ELECTRONARIZONA PAE";"padaria";
"PIX TRANSF  ESPACO 14/04";"creche";
"SALDO DO DIA";"saldo";
"PIX TRANSF  IMW 3 R15/04";"igreja";
"TED 237.0001BRADESCO SAU";"rembolso";
"PIX TRANSF  ANDRE N15/04";"compras";
"SDO CTA/APL AUTOMATICAS";"saldo";
"ELECTRONTRIMAIS II";"mercado";
"INT ITAUCARD";"cartão credito";
